[{
  "_id": {
    "$oid": "5fdbd0c88a7c604df277a82d"
  },
  "game_id": "5fdb49bea9be7b1c8534f033",
  "userId": "5fdb8f72f58c443022b2e00c",
  "review": "awraef",
  "rating": "4",
  "media": "some string for image"
},{
  "_id": {
    "$oid": "5fdbd0fc23acfd4e28e31f93"
  },
  "game_id": "5fdb49bea9be7b1c8534f033",
  "userId": "5fdb8f72f58c443022b2e00c",
  "review": "we did it",
  "rating": "10",
  "media": "some string for image"
},{
  "_id": {
    "$oid": "5fdbd23323acfd4e28e31f94"
  },
  "game_id": "5fdb49bea9be7b1c8534f033",
  "userId": "5fdb8f72f58c443022b2e00c",
  "review": "all right please>",
  "rating": "2",
  "media": "some string for image"
},{
  "_id": {
    "$oid": "5fdbd2b37461534f6c1ed995"
  },
  "game_id": "5fdb49bea9be7b1c8534f033",
  "userId": "5fdb8f72f58c443022b2e00c",
  "review": "arun",
  "rating": "6",
  "media": "some string for image"
},{
  "_id": {
    "$oid": "5fdbd3167461534f6c1ed996"
  },
  "game_id": "5fdb49bea9be7b1c8534f033",
  "userId": "5fdb8f72f58c443022b2e00c",
  "review": "arasr",
  "rating": "0",
  "media": "some string for image"
},{
  "_id": {
    "$oid": "5fdbd32d9652be4f97081961"
  },
  "game_id": "5fdb49bea9be7b1c8534f033",
  "userId": "5fdb8f72f58c443022b2e00c",
  "review": "asfasf",
  "rating": "4",
  "media": "some string for image"
},{
  "_id": {
    "$oid": "5fdc157a0a50f35817fdc622"
  },
  "game_id": "5fdc15630a50f35817fdc621",
  "userId": "5fdb8f72f58c443022b2e00c",
  "review": "lets check",
  "rating": "3",
  "media": "some string for image"
},{
  "_id": {
    "$oid": "5fdc158e0a50f35817fdc623"
  },
  "game_id": "5fdb49bea9be7b1c8534f033",
  "userId": "5fdb8f72f58c443022b2e00c",
  "review": "nope nada",
  "rating": "1",
  "media": "some string for image"
},{
  "_id": {
    "$oid": "5fdc15ab0a50f35817fdc624"
  },
  "game_id": "5fdb49bea9be7b1c8534f033",
  "userId": "5fdb8f72f58c443022b2e00c",
  "review": "test 32",
  "rating": "3",
  "media": "some string for image"
},{
  "_id": {
    "$oid": "5fdc1c78aca53a5b17510044"
  },
  "game_id": "5fdb571944d0a8206b07b641",
  "userId": "5fdb8f72f58c443022b2e00c",
  "review": "wot",
  "rating": "1",
  "media": "some string for image"
},{
  "_id": {
    "$oid": "5fdc1c88aca53a5b17510045"
  },
  "game_id": "5fdb49bea9be7b1c8534f034",
  "userId": "5fdb8f72f58c443022b2e00c",
  "review": "cod",
  "rating": "1",
  "media": "some string for image"
},{
  "_id": {
    "$oid": "5fdc1c9caca53a5b17510046"
  },
  "game_id": "5fdb49bea9be7b1c8534f034",
  "userId": "5fdb8f72f58c443022b2e00c",
  "review": "test2",
  "rating": "2",
  "media": "some string for image"
},{
  "_id": {
    "$oid": "5fdc1d455d8e0a5c2ac12b55"
  },
  "game_id": "5fdb49bea9be7b1c8534f034",
  "userId": "5fdb8f72f58c443022b2e00c",
  "review": "cancod",
  "rating": "1",
  "media": "some string for image"
},{
  "_id": {
    "$oid": "5fdc1dc2cdaee35c6378e3d6"
  },
  "game_id": "5fdb49bea9be7b1c8534f034",
  "userId": "5fdb8f72f58c443022b2e00c",
  "review": "test333",
  "rating": "1",
  "media": "some string for image"
},{
  "_id": {
    "$oid": "5fdc1edc11f6765cf0311ec8"
  },
  "game_id": "5fdb49bea9be7b1c8534f034",
  "userId": "5fdb8f72f58c443022b2e00c",
  "review": "aetasg",
  "rating": "6",
  "media": "some string for image"
},{
  "_id": {
    "$oid": "5fdc1fabb70a0b5d98f6401c"
  },
  "game_id": "5fdb49bea9be7b1c8534f034",
  "userId": "5fdb8f72f58c443022b2e00c",
  "review": "awfjmsf",
  "rating": "3",
  "media": "some string for image"
},{
  "_id": {
    "$oid": "5fdc1fb6b70a0b5d98f6401d"
  },
  "game_id": "5fdb49bea9be7b1c8534f034",
  "userId": "5fdb8f72f58c443022b2e00c",
  "review": "jigar",
  "rating": "9",
  "media": "some string for image"
},{
  "_id": {
    "$oid": "5fdc31147417926435d7ed58"
  },
  "game_id": "5fdc30527417926435d7ed56",
  "userId": "5fdc30b67417926435d7ed57",
  "review": "pretty good game",
  "rating": "8",
  "media": "some string for image"
}]